--
-- PostgreSQL database dump
--

-- Dumped from database version 17.5
-- Dumped by pg_dump version 17.5

-- Started on 2026-06-16 20:35:43

SET statement_timeout = 0;
SET lock_timeout = 0;
SET idle_in_transaction_session_timeout = 0;
SET transaction_timeout = 0;
SET client_encoding = 'UTF8';
SET standard_conforming_strings = on;
SELECT pg_catalog.set_config('search_path', '', false);
SET check_function_bodies = false;
SET xmloption = content;
SET client_min_messages = warning;
SET row_security = off;

--
-- TOC entry 4967 (class 1262 OID 16530)
-- Name: SecondShelfDB; Type: DATABASE; Schema: -; Owner: SecondShelfAppUser
--

CREATE DATABASE "SecondShelfDB" WITH TEMPLATE = template0 ENCODING = 'UTF8' LOCALE_PROVIDER = libc LOCALE = 'Russian_Russia.1251';


ALTER DATABASE "SecondShelfDB" OWNER TO "SecondShelfAppUser";

\connect "SecondShelfDB"

SET statement_timeout = 0;
SET lock_timeout = 0;
SET idle_in_transaction_session_timeout = 0;
SET transaction_timeout = 0;
SET client_encoding = 'UTF8';
SET standard_conforming_strings = on;
SELECT pg_catalog.set_config('search_path', '', false);
SET check_function_bodies = false;
SET xmloption = content;
SET client_min_messages = warning;
SET row_security = off;

SET default_tablespace = '';

SET default_table_access_method = heap;

--
-- TOC entry 225 (class 1259 OID 16719)
-- Name: applications; Type: TABLE; Schema: public; Owner: postgres
--

CREATE TABLE public.applications (
    id uuid NOT NULL,
    date timestamp without time zone NOT NULL,
    status integer NOT NULL,
    create_date timestamp without time zone NOT NULL,
    user_id uuid NOT NULL,
    thing_id uuid NOT NULL,
    ask_text text,
    edit_date timestamp without time zone NOT NULL,
    delete_date timestamp without time zone
);


ALTER TABLE public.applications OWNER TO postgres;

--
-- TOC entry 227 (class 1259 OID 16727)
-- Name: chat_messages; Type: TABLE; Schema: public; Owner: postgres
--

CREATE TABLE public.chat_messages (
    id integer NOT NULL,
    text text NOT NULL,
    "time" timestamp without time zone NOT NULL,
    user_id uuid NOT NULL,
    application_id uuid NOT NULL
);


ALTER TABLE public.chat_messages OWNER TO postgres;

--
-- TOC entry 226 (class 1259 OID 16726)
-- Name: chat_messages_id_seq; Type: SEQUENCE; Schema: public; Owner: postgres
--

ALTER TABLE public.chat_messages ALTER COLUMN id ADD GENERATED BY DEFAULT AS IDENTITY (
    SEQUENCE NAME public.chat_messages_id_seq
    START WITH 1
    INCREMENT BY 1
    NO MINVALUE
    NO MAXVALUE
    CACHE 1
);


--
-- TOC entry 228 (class 1259 OID 16734)
-- Name: chat_participants; Type: TABLE; Schema: public; Owner: postgres
--

CREATE TABLE public.chat_participants (
    user_id uuid NOT NULL,
    application_id uuid NOT NULL
);


ALTER TABLE public.chat_participants OWNER TO postgres;

--
-- TOC entry 219 (class 1259 OID 16695)
-- Name: dictionary_category; Type: TABLE; Schema: public; Owner: postgres
--

CREATE TABLE public.dictionary_category (
    id integer NOT NULL,
    name character varying(255) NOT NULL
);


ALTER TABLE public.dictionary_category OWNER TO postgres;

--
-- TOC entry 218 (class 1259 OID 16694)
-- Name: dictionary_category_id_seq; Type: SEQUENCE; Schema: public; Owner: postgres
--

ALTER TABLE public.dictionary_category ALTER COLUMN id ADD GENERATED BY DEFAULT AS IDENTITY (
    SEQUENCE NAME public.dictionary_category_id_seq
    START WITH 1
    INCREMENT BY 1
    NO MINVALUE
    NO MAXVALUE
    CACHE 1
);


--
-- TOC entry 221 (class 1259 OID 16701)
-- Name: dictionary_status; Type: TABLE; Schema: public; Owner: postgres
--

CREATE TABLE public.dictionary_status (
    id integer NOT NULL,
    name character varying(255) NOT NULL
);


ALTER TABLE public.dictionary_status OWNER TO postgres;

--
-- TOC entry 220 (class 1259 OID 16700)
-- Name: dictionary_status_id_seq; Type: SEQUENCE; Schema: public; Owner: postgres
--

ALTER TABLE public.dictionary_status ALTER COLUMN id ADD GENERATED BY DEFAULT AS IDENTITY (
    SEQUENCE NAME public.dictionary_status_id_seq
    START WITH 1
    INCREMENT BY 1
    NO MINVALUE
    NO MAXVALUE
    CACHE 1
);


--
-- TOC entry 223 (class 1259 OID 16707)
-- Name: locations; Type: TABLE; Schema: public; Owner: postgres
--

CREATE TABLE public.locations (
    id integer NOT NULL,
    name character varying(255) NOT NULL
);


ALTER TABLE public.locations OWNER TO postgres;

--
-- TOC entry 222 (class 1259 OID 16706)
-- Name: locations_id_seq; Type: SEQUENCE; Schema: public; Owner: postgres
--

ALTER TABLE public.locations ALTER COLUMN id ADD GENERATED BY DEFAULT AS IDENTITY (
    SEQUENCE NAME public.locations_id_seq
    START WITH 1
    INCREMENT BY 1
    NO MINVALUE
    NO MAXVALUE
    CACHE 1
);


--
-- TOC entry 224 (class 1259 OID 16712)
-- Name: things; Type: TABLE; Schema: public; Owner: postgres
--

CREATE TABLE public.things (
    id uuid NOT NULL,
    name character varying(255) NOT NULL,
    category integer NOT NULL,
    description text NOT NULL,
    location integer NOT NULL,
    user_id uuid NOT NULL,
    add_date timestamp without time zone NOT NULL,
    edit_date timestamp without time zone NOT NULL,
    delete_date timestamp without time zone
);


ALTER TABLE public.things OWNER TO postgres;

--
-- TOC entry 217 (class 1259 OID 16687)
-- Name: users; Type: TABLE; Schema: public; Owner: postgres
--

CREATE TABLE public.users (
    id uuid NOT NULL,
    name character varying(255) NOT NULL,
    about text,
    reg_date timestamp without time zone NOT NULL,
    edit_date timestamp without time zone NOT NULL,
    delete_date timestamp without time zone,
    password character varying(255) DEFAULT 'temporary_hash'::character varying NOT NULL,
    location_id integer,
    login character varying(255) NOT NULL,
    enabled boolean DEFAULT true NOT NULL,
    contact character varying(255)
);


ALTER TABLE public.users OWNER TO postgres;

--
-- TOC entry 4958 (class 0 OID 16719)
-- Dependencies: 225
-- Data for Name: applications; Type: TABLE DATA; Schema: public; Owner: postgres
--

COPY public.applications (id, date, status, create_date, user_id, thing_id, ask_text, edit_date, delete_date) FROM stdin;
ce2bfe5a-6390-41ef-84e9-9e42ffd2bf69	2026-06-04 13:15:09.888284	1	2026-06-04 13:15:09.888284	d9c9a96c-7ccb-4342-9c69-41bea9948c23	8950d180-c9d4-421f-8467-3bdab2be9d9e	Хочу эту приставку	2026-06-04 13:15:09.888284	\N
1e6249d9-6fc9-41b8-bc12-434d1185332c	2026-05-30 20:42:29.081634	4	2026-05-30 20:42:29.081634	167aa3f5-cdfd-42ac-93a2-8430457809ff	aa79ec8e-10b8-4c18-af0d-472d13210619	отдайте мне комп!	2026-05-30 20:42:29.081634	\N
79efadda-c53c-44ed-83ac-20b2cfe97163	2026-06-04 13:03:13.062158	4	2026-06-04 13:03:13.062158	90e9dedb-36a9-496e-aa4e-e4801f10b93c	aa79ec8e-10b8-4c18-af0d-472d13210619	тоже хочу компьютер, одайте мне	2026-06-04 13:03:13.062158	\N
\.


--
-- TOC entry 4960 (class 0 OID 16727)
-- Dependencies: 227
-- Data for Name: chat_messages; Type: TABLE DATA; Schema: public; Owner: postgres
--

COPY public.chat_messages (id, text, "time", user_id, application_id) FROM stdin;
\.


--
-- TOC entry 4961 (class 0 OID 16734)
-- Dependencies: 228
-- Data for Name: chat_participants; Type: TABLE DATA; Schema: public; Owner: postgres
--

COPY public.chat_participants (user_id, application_id) FROM stdin;
\.


--
-- TOC entry 4952 (class 0 OID 16695)
-- Dependencies: 219
-- Data for Name: dictionary_category; Type: TABLE DATA; Schema: public; Owner: postgres
--

COPY public.dictionary_category (id, name) FROM stdin;
1	Электроника
2	Мягкие игрушки
3	Велосипеды
\.


--
-- TOC entry 4954 (class 0 OID 16701)
-- Dependencies: 221
-- Data for Name: dictionary_status; Type: TABLE DATA; Schema: public; Owner: postgres
--

COPY public.dictionary_status (id, name) FROM stdin;
1	Активная
2	Претендент выбран
3	Отдано
4	Архивная
5	Отказ
\.


--
-- TOC entry 4956 (class 0 OID 16707)
-- Dependencies: 223
-- Data for Name: locations; Type: TABLE DATA; Schema: public; Owner: postgres
--

COPY public.locations (id, name) FROM stdin;
1	Москва
2	Санкт-Петербург
3	Гатчина
4	Пушкин
\.


--
-- TOC entry 4957 (class 0 OID 16712)
-- Dependencies: 224
-- Data for Name: things; Type: TABLE DATA; Schema: public; Owner: postgres
--

COPY public.things (id, name, category, description, location, user_id, add_date, edit_date, delete_date) FROM stdin;
6f972f27-9561-4793-977a-7534637a1e80	Горный велосипед GT Avalanche	3	Алюминиевая рама L, 29 колеса, гидравлические тормоза. Состояние отличное, катался один сезон.	3	6d42e365-be3e-4b9b-bdbf-9c3767b462eb	2026-05-30 20:16:32.494472	2026-05-30 20:16:32.494472	\N
aa79ec8e-10b8-4c18-af0d-472d13210619	Персональный компьютер б/у (Системный блок)	1	Старый рабочий ПК. Процессор Intel Core i3, 4 ГБ ОЗУ, жесткий диск на 500 ГБ. Подойдет для работы, учебы или на запчасти. Корпус немного поцарапан.	2	4706beb9-76ef-4f42-a9d2-454f381978e3	2026-05-30 20:30:30.315639	2026-05-30 20:30:30.315639	\N
8e74b2b7-03d8-464a-9e89-a01f41e100f6	Убитый детский велосипед	3	Алюминиевая рама L, 29 колеса, гидравлические тормоза. Состояние отличное, катался один сезон.	3	6d42e365-be3e-4b9b-bdbf-9c3767b462eb	2026-06-04 11:12:08.808512	2026-06-04 11:12:08.808512	\N
8950d180-c9d4-421f-8467-3bdab2be9d9e	Sony playstation 3	1	Приставка работает, диски не все читает. Отдам пару штук	2	4706beb9-76ef-4f42-a9d2-454f381978e3	2026-06-04 13:11:46.870074	2026-06-04 13:11:46.870074	\N
\.


--
-- TOC entry 4950 (class 0 OID 16687)
-- Dependencies: 217
-- Data for Name: users; Type: TABLE DATA; Schema: public; Owner: postgres
--

COPY public.users (id, name, about, reg_date, edit_date, delete_date, password, location_id, login, enabled, contact) FROM stdin;
4706beb9-76ef-4f42-a9d2-454f381978e3	Петр Васнецов	Люблю компы	2026-05-30 20:26:16.97908	2026-05-30 20:26:16.97908	\N	1234	1	user_4706beb9-76ef-4f42-a9d2-454f381978e3	t	\N
167aa3f5-cdfd-42ac-93a2-8430457809ff	Васек Васнецов	Люблю когда мне что-то дарят	2026-05-30 20:37:55.444124	2026-05-30 20:37:55.444124	\N	1234	1	user_167aa3f5-cdfd-42ac-93a2-8430457809ff	t	\N
90e9dedb-36a9-496e-aa4e-e4801f10b93c	Маша Компьютерова	Люблю когда мне дарят компы	2026-06-04 13:01:47.809156	2026-06-04 13:01:47.809156	\N	1234	1	user_90e9dedb-36a9-496e-aa4e-e4801f10b93c	t	\N
d9c9a96c-7ccb-4342-9c69-41bea9948c23	Василиса Приставочница	Люблю приставки	2026-06-04 13:13:33.363511	2026-06-04 13:13:33.363511	\N	1234	1	user_d9c9a96c-7ccb-4342-9c69-41bea9948c23	t	\N
6d42e365-be3e-4b9b-bdbf-9c3767b462eb	Алексей Иванов	Люблю велосипеды	2026-05-30 19:52:41.102751	2026-05-30 19:52:41.102751	\N	1234	2	user_6d42e365-be3e-4b9b-bdbf-9c3767b462eb	t	\N
\.


--
-- TOC entry 4968 (class 0 OID 0)
-- Dependencies: 226
-- Name: chat_messages_id_seq; Type: SEQUENCE SET; Schema: public; Owner: postgres
--

SELECT pg_catalog.setval('public.chat_messages_id_seq', 1, false);


--
-- TOC entry 4969 (class 0 OID 0)
-- Dependencies: 218
-- Name: dictionary_category_id_seq; Type: SEQUENCE SET; Schema: public; Owner: postgres
--

SELECT pg_catalog.setval('public.dictionary_category_id_seq', 1, false);


--
-- TOC entry 4970 (class 0 OID 0)
-- Dependencies: 220
-- Name: dictionary_status_id_seq; Type: SEQUENCE SET; Schema: public; Owner: postgres
--

SELECT pg_catalog.setval('public.dictionary_status_id_seq', 2, true);


--
-- TOC entry 4971 (class 0 OID 0)
-- Dependencies: 222
-- Name: locations_id_seq; Type: SEQUENCE SET; Schema: public; Owner: postgres
--

SELECT pg_catalog.setval('public.locations_id_seq', 1, false);


--
-- TOC entry 4790 (class 2606 OID 16725)
-- Name: applications applications_pkey; Type: CONSTRAINT; Schema: public; Owner: postgres
--

ALTER TABLE ONLY public.applications
    ADD CONSTRAINT applications_pkey PRIMARY KEY (id);


--
-- TOC entry 4792 (class 2606 OID 16733)
-- Name: chat_messages chat_messages_pkey; Type: CONSTRAINT; Schema: public; Owner: postgres
--

ALTER TABLE ONLY public.chat_messages
    ADD CONSTRAINT chat_messages_pkey PRIMARY KEY (id);


--
-- TOC entry 4794 (class 2606 OID 16738)
-- Name: chat_participants chat_participants_pkey; Type: CONSTRAINT; Schema: public; Owner: postgres
--

ALTER TABLE ONLY public.chat_participants
    ADD CONSTRAINT chat_participants_pkey PRIMARY KEY (user_id, application_id);


--
-- TOC entry 4782 (class 2606 OID 16699)
-- Name: dictionary_category dictionary_category_pkey; Type: CONSTRAINT; Schema: public; Owner: postgres
--

ALTER TABLE ONLY public.dictionary_category
    ADD CONSTRAINT dictionary_category_pkey PRIMARY KEY (id);


--
-- TOC entry 4784 (class 2606 OID 16705)
-- Name: dictionary_status dictionary_status_pkey; Type: CONSTRAINT; Schema: public; Owner: postgres
--

ALTER TABLE ONLY public.dictionary_status
    ADD CONSTRAINT dictionary_status_pkey PRIMARY KEY (id);


--
-- TOC entry 4786 (class 2606 OID 16711)
-- Name: locations locations_pkey; Type: CONSTRAINT; Schema: public; Owner: postgres
--

ALTER TABLE ONLY public.locations
    ADD CONSTRAINT locations_pkey PRIMARY KEY (id);


--
-- TOC entry 4788 (class 2606 OID 16718)
-- Name: things things_pkey; Type: CONSTRAINT; Schema: public; Owner: postgres
--

ALTER TABLE ONLY public.things
    ADD CONSTRAINT things_pkey PRIMARY KEY (id);


--
-- TOC entry 4776 (class 2606 OID 16818)
-- Name: users users_contact_key; Type: CONSTRAINT; Schema: public; Owner: postgres
--

ALTER TABLE ONLY public.users
    ADD CONSTRAINT users_contact_key UNIQUE (contact);


--
-- TOC entry 4778 (class 2606 OID 16815)
-- Name: users users_login_key; Type: CONSTRAINT; Schema: public; Owner: postgres
--

ALTER TABLE ONLY public.users
    ADD CONSTRAINT users_login_key UNIQUE (login);


--
-- TOC entry 4780 (class 2606 OID 16693)
-- Name: users users_pkey; Type: CONSTRAINT; Schema: public; Owner: postgres
--

ALTER TABLE ONLY public.users
    ADD CONSTRAINT users_pkey PRIMARY KEY (id);


--
-- TOC entry 4798 (class 2606 OID 16764)
-- Name: applications applications_status_fkey; Type: FK CONSTRAINT; Schema: public; Owner: postgres
--

ALTER TABLE ONLY public.applications
    ADD CONSTRAINT applications_status_fkey FOREIGN KEY (status) REFERENCES public.dictionary_status(id);


--
-- TOC entry 4799 (class 2606 OID 16759)
-- Name: applications applications_thing_id_fkey; Type: FK CONSTRAINT; Schema: public; Owner: postgres
--

ALTER TABLE ONLY public.applications
    ADD CONSTRAINT applications_thing_id_fkey FOREIGN KEY (thing_id) REFERENCES public.things(id);


--
-- TOC entry 4800 (class 2606 OID 16754)
-- Name: applications applications_user_id_fkey; Type: FK CONSTRAINT; Schema: public; Owner: postgres
--

ALTER TABLE ONLY public.applications
    ADD CONSTRAINT applications_user_id_fkey FOREIGN KEY (user_id) REFERENCES public.users(id);


--
-- TOC entry 4801 (class 2606 OID 16774)
-- Name: chat_messages chat_messages_application_id_fkey; Type: FK CONSTRAINT; Schema: public; Owner: postgres
--

ALTER TABLE ONLY public.chat_messages
    ADD CONSTRAINT chat_messages_application_id_fkey FOREIGN KEY (application_id) REFERENCES public.applications(id);


--
-- TOC entry 4802 (class 2606 OID 16769)
-- Name: chat_messages chat_messages_user_id_fkey; Type: FK CONSTRAINT; Schema: public; Owner: postgres
--

ALTER TABLE ONLY public.chat_messages
    ADD CONSTRAINT chat_messages_user_id_fkey FOREIGN KEY (user_id) REFERENCES public.users(id);


--
-- TOC entry 4803 (class 2606 OID 16784)
-- Name: chat_participants chat_participants_application_id_fkey; Type: FK CONSTRAINT; Schema: public; Owner: postgres
--

ALTER TABLE ONLY public.chat_participants
    ADD CONSTRAINT chat_participants_application_id_fkey FOREIGN KEY (application_id) REFERENCES public.applications(id);


--
-- TOC entry 4804 (class 2606 OID 16779)
-- Name: chat_participants chat_participants_user_id_fkey; Type: FK CONSTRAINT; Schema: public; Owner: postgres
--

ALTER TABLE ONLY public.chat_participants
    ADD CONSTRAINT chat_participants_user_id_fkey FOREIGN KEY (user_id) REFERENCES public.users(id);


--
-- TOC entry 4795 (class 2606 OID 16749)
-- Name: things things_category_fkey; Type: FK CONSTRAINT; Schema: public; Owner: postgres
--

ALTER TABLE ONLY public.things
    ADD CONSTRAINT things_category_fkey FOREIGN KEY (category) REFERENCES public.dictionary_category(id);


--
-- TOC entry 4796 (class 2606 OID 16744)
-- Name: things things_location_fkey; Type: FK CONSTRAINT; Schema: public; Owner: postgres
--

ALTER TABLE ONLY public.things
    ADD CONSTRAINT things_location_fkey FOREIGN KEY (location) REFERENCES public.locations(id);


--
-- TOC entry 4797 (class 2606 OID 16739)
-- Name: things things_user_id_fkey; Type: FK CONSTRAINT; Schema: public; Owner: postgres
--

ALTER TABLE ONLY public.things
    ADD CONSTRAINT things_user_id_fkey FOREIGN KEY (user_id) REFERENCES public.users(id);


-- Completed on 2026-06-16 20:35:43

--
-- PostgreSQL database dump complete
--

